time_s,delta_w_mps,delta_q_rads,delta_e_rad,delta_w_dot,delta_q_dot,perturbation_az_mps2,delta_alpha_rad,delta_CL,delta_Cm,delta_Lift_N,delta_PitchMom_Nm,total_thrust_N,propulsion_model_status
0.0,0.0,0.0,0.0,0.0,-0.0,-0.0,0.0,0.0,-0.0,0.0,-0.0,nan,MODEL_NOT_IDENTIFIED
0.02,0.0,0.0,0.0,0.0,-0.0,-0.0,0.0,0.0,-0.0,0.0,-0.0,nan,MODEL_NOT_IDENTIFIED
0.04,0.0,0.0,0.0,0.0,-0.0,-0.0,0.0,0.0,-0.0,0.0,-0.0,nan,MODEL_NOT_IDENTIFIED
0.06,0.0,0.0,0.0,0.0,-0.0,-0.0,0.0,0.0,-0.0,0.0,-0.0,nan,MODEL_NOT_IDENTIFIED
0.08,0.0,0.0,0.0,0.0,-0.0,-0.0,0.0,0.0,-0.0,0.0,-0.0,nan,MODEL_NOT_IDENTIFIED
0.1,0.0,0.0,0.0,0.0,-0.0,-0.0,0.0,0.0,-0.0,0.0,-0.0,nan,MODEL_NOT_IDENTIFIED
0.12,0.0,0.0,0.0,0.0,-0.0,-0.0,0.0,0.0,-0.0,0.0,-0.0,nan,MODEL_NOT_IDENTIFIED
0.14,0.0,0.0,0.0,0.0,-0.0,-0.0,0.0,0.0,-0.0,0.0,-0.0,nan,MODEL_NOT_IDENTIFIED
0.16,0.0,0.0,0.0,0.0,-0.0,-0.0,0.0,0.0,-0.0,0.0,-0.0,nan,MODEL_NOT_IDENTIFIED
0.18,0.0,0.0,0.0,0.0,-0.0,-0.0,0.0,0.0,-0.0,0.0,-0.0,nan,MODEL_NOT_IDENTIFIED
0.2,0.0,0.0,0.0,0.0,-0.0,-0.0,0.0,0.0,-0.0,0.0,-0.0,nan,MODEL_NOT_IDENTIFIED
0.22,0.0,0.0,0.0,0.0,-0.0,-0.0,0.0,0.0,-0.0,0.0,-0.0,nan,MODEL_NOT_IDENTIFIED
0.24,0.0,0.0,0.0,0.0,-0.0,-0.0,0.0,0.0,-0.0,0.0,-0.0,nan,MODEL_NOT_IDENTIFIED
0.26,0.0,0.0,0.0,0.0,-0.0,-0.0,0.0,0.0,-0.0,0.0,-0.0,nan,MODEL_NOT_IDENTIFIED
0.28,0.0,0.0,0.0,0.0,-0.0,-0.0,0.0,0.0,-0.0,0.0,-0.0,nan,MODEL_NOT_IDENTIFIED
0.3,0.0,0.0,0.0,0.0,-0.0,-0.0,0.0,0.0,-0.0,0.0,-0.0,nan,MODEL_NOT_IDENTIFIED
0.32,0.0,0.0,0.0,0.0,-0.0,-0.0,0.0,0.0,-0.0,0.0,-0.0,nan,MODEL_NOT_IDENTIFIED
0.34,0.0,0.0,0.0,0.0,-0.0,-0.0,0.0,0.0,-0.0,0.0,-0.0,nan,MODEL_NOT_IDENTIFIED
0.36,0.0,0.0,0.0,0.0,-0.0,-0.0,0.0,0.0,-0.0,0.0,-0.0,nan,MODEL_NOT_IDENTIFIED
0.38,0.0,0.0,0.0,0.0,-0.0,-0.0,0.0,0.0,-0.0,0.0,-0.0,nan,MODEL_NOT_IDENTIFIED
0.4,0.0,0.0,0.0,0.0,-0.0,-0.0,0.0,0.0,-0.0,0.0,-0.0,nan,MODEL_NOT_IDENTIFIED
0.42,0.0,0.0,0.0,0.0,-0.0,-0.0,0.0,0.0,-0.0,0.0,-0.0,nan,MODEL_NOT_IDENTIFIED
0.44,0.0,0.0,0.0,0.0,-0.0,-0.0,0.0,0.0,-0.0,0.0,-0.0,nan,MODEL_NOT_IDENTIFIED
0.46,0.0,0.0,0.0,0.0,-0.0,-0.0,0.0,0.0,-0.0,0.0,-0.0,nan,MODEL_NOT_IDENTIFIED
0.48,0.0,0.0,0.0,0.0,-0.0,-0.0,0.0,0.0,-0.0,0.0,-0.0,nan,MODEL_NOT_IDENTIFIED
0.5,0.0,0.0,0.0,0.0,-0.0,-0.0,0.0,0.0,-0.0,0.0,-0.0,nan,MODEL_NOT_IDENTIFIED
0.52,0.0,0.0,0.0,0.0,-0.0,-0.0,0.0,0.0,-0.0,0.0,-0.0,nan,MODEL_NOT_IDENTIFIED
0.54,0.0,0.0,0.0,0.0,-0.0,-0.0,0.0,0.0,-0.0,0.0,-0.0,nan,MODEL_NOT_IDENTIFIED
0.56,0.0,0.0,0.0,0.0,-0.0,-0.0,0.0,0.0,-0.0,0.0,-0.0,nan,MODEL_NOT_IDENTIFIED
0.58,0.0,0.0,0.0,0.0,-0.0,-0.0,0.0,0.0,-0.0,0.0,-0.0,nan,MODEL_NOT_IDENTIFIED
0.6,0.0,0.0,0.0,0.0,-0.0,-0.0,0.0,0.0,-0.0,0.0,-0.0,nan,MODEL_NOT_IDENTIFIED
0.62,0.0,0.0,0.0,0.0,-0.0,-0.0,0.0,0.0,-0.0,0.0,-0.0,nan,MODEL_NOT_IDENTIFIED
0.64,0.0,0.0,0.0,0.0,-0.0,-0.0,0.0,0.0,-0.0,0.0,-0.0,nan,MODEL_NOT_IDENTIFIED
0.66,0.0,0.0,0.0,0.0,-0.0,-0.0,0.0,0.0,-0.0,0.0,-0.0,nan,MODEL_NOT_IDENTIFIED
0.68,0.0,0.0,0.0,0.0,-0.0,-0.0,0.0,0.0,-0.0,0.0,-0.0,nan,MODEL_NOT_IDENTIFIED
0.7000000000000001,0.0,0.0,0.0,0.0,-0.0,-0.0,0.0,0.0,-0.0,0.0,-0.0,nan,MODEL_NOT_IDENTIFIED
0.72,0.0,0.0,0.0,0.0,-0.0,-0.0,0.0,0.0,-0.0,0.0,-0.0,nan,MODEL_NOT_IDENTIFIED
0.74,0.0,0.0,0.0,0.0,-0.0,-0.0,0.0,0.0,-0.0,0.0,-0.0,nan,MODEL_NOT_IDENTIFIED
0.76,0.0,0.0,0.0,0.0,-0.0,-0.0,0.0,0.0,-0.0,0.0,-0.0,nan,MODEL_NOT_IDENTIFIED
0.78,0.0,0.0,0.0,0.0,-0.0,-0.0,0.0,0.0,-0.0,0.0,-0.0,nan,MODEL_NOT_IDENTIFIED
0.8,0.0,0.0,0.0,0.0,-0.0,-0.0,0.0,0.0,-0.0,0.0,-0.0,nan,MODEL_NOT_IDENTIFIED
0.8200000000000001,0.0,0.0,0.0,0.0,-0.0,-0.0,0.0,0.0,-0.0,0.0,-0.0,nan,MODEL_NOT_IDENTIFIED
0.84,0.0,0.0,0.0,0.0,-0.0,-0.0,0.0,0.0,-0.0,0.0,-0.0,nan,MODEL_NOT_IDENTIFIED
0.86,0.0,0.0,0.0,0.0,-0.0,-0.0,0.0,0.0,-0.0,0.0,-0.0,nan,MODEL_NOT_IDENTIFIED
0.88,0.0,0.0,0.0,0.0,-0.0,-0.0,0.0,0.0,-0.0,0.0,-0.0,nan,MODEL_NOT_IDENTIFIED
0.9,0.0,0.0,0.0,0.0,-0.0,-0.0,0.0,0.0,-0.0,0.0,-0.0,nan,MODEL_NOT_IDENTIFIED
0.92,0.0,0.0,0.0,0.0,-0.0,-0.0,0.0,0.0,-0.0,0.0,-0.0,nan,MODEL_NOT_IDENTIFIED
0.9400000000000001,0.0,0.0,0.0,0.0,-0.0,-0.0,0.0,0.0,-0.0,0.0,-0.0,nan,MODEL_NOT_IDENTIFIED
0.96,0.0,0.0,0.0,0.0,-0.0,-0.0,0.0,0.0,-0.0,0.0,-0.0,nan,MODEL_NOT_IDENTIFIED
0.98,0.0,0.0,0.0,0.0,-0.0,-0.0,0.0,0.0,-0.0,0.0,-0.0,nan,MODEL_NOT_IDENTIFIED
1.0,0.0,0.0,0.0,0.0,-0.0,-0.0,0.0,0.0,-0.0,0.0,-0.0,nan,MODEL_NOT_IDENTIFIED
1.02,0.0,0.0,0.0,0.0,-0.0,-0.0,0.0,0.0,-0.0,0.0,-0.0,nan,MODEL_NOT_IDENTIFIED
1.04,0.0,0.0,0.0,0.0,-0.0,-0.0,0.0,0.0,-0.0,0.0,-0.0,nan,MODEL_NOT_IDENTIFIED
1.06,0.0,0.0,0.0,0.0,-0.0,-0.0,0.0,0.0,-0.0,0.0,-0.0,nan,MODEL_NOT_IDENTIFIED
1.08,0.0,0.0,0.0,0.0,-0.0,-0.0,0.0,0.0,-0.0,0.0,-0.0,nan,MODEL_NOT_IDENTIFIED
1.1,0.0,0.0,0.0,0.0,-0.0,-0.0,0.0,0.0,-0.0,0.0,-0.0,nan,MODEL_NOT_IDENTIFIED
1.12,0.0,0.0,0.0,0.0,-0.0,-0.0,0.0,0.0,-0.0,0.0,-0.0,nan,MODEL_NOT_IDENTIFIED
1.1400000000000001,0.0,0.0,0.0,0.0,-0.0,-0.0,0.0,0.0,-0.0,0.0,-0.0,nan,MODEL_NOT_IDENTIFIED
1.16,0.0,0.0,0.0,0.0,-0.0,-0.0,0.0,0.0,-0.0,0.0,-0.0,nan,MODEL_NOT_IDENTIFIED
1.18,0.0,0.0,0.0,0.0,-0.0,-0.0,0.0,0.0,-0.0,0.0,-0.0,nan,MODEL_NOT_IDENTIFIED
1.2,0.0,0.0,0.0,0.0,-0.0,-0.0,0.0,0.0,-0.0,0.0,-0.0,nan,MODEL_NOT_IDENTIFIED
1.22,0.0,0.0,0.0,0.0,-0.0,-0.0,0.0,0.0,-0.0,0.0,-0.0,nan,MODEL_NOT_IDENTIFIED
1.24,0.0,0.0,0.0,0.0,-0.0,-0.0,0.0,0.0,-0.0,0.0,-0.0,nan,MODEL_NOT_IDENTIFIED
1.26,0.0,0.0,0.0,0.0,-0.0,-0.0,0.0,0.0,-0.0,0.0,-0.0,nan,MODEL_NOT_IDENTIFIED
1.28,0.0,0.0,0.0,0.0,-0.0,-0.0,0.0,0.0,-0.0,0.0,-0.0,nan,MODEL_NOT_IDENTIFIED
1.3,0.0,0.0,0.0,0.0,-0.0,-0.0,0.0,0.0,-0.0,0.0,-0.0,nan,MODEL_NOT_IDENTIFIED
1.32,0.0,0.0,0.0,0.0,-0.0,-0.0,0.0,0.0,-0.0,0.0,-0.0,nan,MODEL_NOT_IDENTIFIED
1.34,0.0,0.0,0.0,0.0,-0.0,-0.0,0.0,0.0,-0.0,0.0,-0.0,nan,MODEL_NOT_IDENTIFIED
1.36,0.0,0.0,0.0,0.0,-0.0,-0.0,0.0,0.0,-0.0,0.0,-0.0,nan,MODEL_NOT_IDENTIFIED
1.3800000000000001,0.0,0.0,0.0,0.0,-0.0,-0.0,0.0,0.0,-0.0,0.0,-0.0,nan,MODEL_NOT_IDENTIFIED
1.4000000000000001,0.0,0.0,0.0,0.0,-0.0,-0.0,0.0,0.0,-0.0,0.0,-0.0,nan,MODEL_NOT_IDENTIFIED
1.42,0.0,0.0,0.0,0.0,-0.0,-0.0,0.0,0.0,-0.0,0.0,-0.0,nan,MODEL_NOT_IDENTIFIED
1.44,0.0,0.0,0.0,0.0,-0.0,-0.0,0.0,0.0,-0.0,0.0,-0.0,nan,MODEL_NOT_IDENTIFIED
1.46,0.0,0.0,0.0,0.0,-0.0,-0.0,0.0,0.0,-0.0,0.0,-0.0,nan,MODEL_NOT_IDENTIFIED
1.48,0.0,0.0,0.0,0.0,-0.0,-0.0,0.0,0.0,-0.0,0.0,-0.0,nan,MODEL_NOT_IDENTIFIED
1.5,0.0,0.0,0.0,0.0,-0.0,-0.0,0.0,0.0,-0.0,0.0,-0.0,nan,MODEL_NOT_IDENTIFIED
1.52,0.0,0.0,0.0,0.0,-0.0,-0.0,0.0,0.0,-0.0,0.0,-0.0,nan,MODEL_NOT_IDENTIFIED
1.54,0.0,0.0,0.0,0.0,-0.0,-0.0,0.0,0.0,-0.0,0.0,-0.0,nan,MODEL_NOT_IDENTIFIED
1.56,0.0,0.0,0.0,0.0,-0.0,-0.0,0.0,0.0,-0.0,0.0,-0.0,nan,MODEL_NOT_IDENTIFIED
1.58,0.0,0.0,0.0,0.0,-0.0,-0.0,0.0,0.0,-0.0,0.0,-0.0,nan,MODEL_NOT_IDENTIFIED
1.6,0.0,0.0,0.0,0.0,-0.0,-0.0,0.0,0.0,-0.0,0.0,-0.0,nan,MODEL_NOT_IDENTIFIED
1.62,0.0,0.0,0.0,0.0,-0.0,-0.0,0.0,0.0,-0.0,0.0,-0.0,nan,MODEL_NOT_IDENTIFIED
1.6400000000000001,0.0,0.0,0.0,0.0,-0.0,-0.0,0.0,0.0,-0.0,0.0,-0.0,nan,MODEL_NOT_IDENTIFIED
1.6600000000000001,0.0,0.0,0.0,0.0,-0.0,-0.0,0.0,0.0,-0.0,0.0,-0.0,nan,MODEL_NOT_IDENTIFIED
1.68,0.0,0.0,0.0,0.0,-0.0,-0.0,0.0,0.0,-0.0,0.0,-0.0,nan,MODEL_NOT_IDENTIFIED
1.7,0.0,0.0,0.0,0.0,-0.0,-0.0,0.0,0.0,-0.0,0.0,-0.0,nan,MODEL_NOT_IDENTIFIED
1.72,0.0,0.0,0.0,0.0,-0.0,-0.0,0.0,0.0,-0.0,0.0,-0.0,nan,MODEL_NOT_IDENTIFIED
1.74,0.0,0.0,0.0,0.0,-0.0,-0.0,0.0,0.0,-0.0,0.0,-0.0,nan,MODEL_NOT_IDENTIFIED
1.76,0.0,0.0,0.0,0.0,-0.0,-0.0,0.0,0.0,-0.0,0.0,-0.0,nan,MODEL_NOT_IDENTIFIED
1.78,0.0,0.0,0.0,0.0,-0.0,-0.0,0.0,0.0,-0.0,0.0,-0.0,nan,MODEL_NOT_IDENTIFIED
1.8,0.0,0.0,0.0,0.0,-0.0,-0.0,0.0,0.0,-0.0,0.0,-0.0,nan,MODEL_NOT_IDENTIFIED
1.82,0.0,0.0,0.0,0.0,-0.0,-0.0,0.0,0.0,-0.0,0.0,-0.0,nan,MODEL_NOT_IDENTIFIED
1.84,0.0,0.0,0.0,0.0,-0.0,-0.0,0.0,0.0,-0.0,0.0,-0.0,nan,MODEL_NOT_IDENTIFIED
1.86,0.0,0.0,0.0,0.0,-0.0,-0.0,0.0,0.0,-0.0,0.0,-0.0,nan,MODEL_NOT_IDENTIFIED
1.8800000000000001,0.0,0.0,0.0,0.0,-0.0,-0.0,0.0,0.0,-0.0,0.0,-0.0,nan,MODEL_NOT_IDENTIFIED
1.9000000000000001,0.0,0.0,0.0,0.0,-0.0,-0.0,0.0,0.0,-0.0,0.0,-0.0,nan,MODEL_NOT_IDENTIFIED
1.92,0.0,0.0,0.0,0.0,-0.0,-0.0,0.0,0.0,-0.0,0.0,-0.0,nan,MODEL_NOT_IDENTIFIED
1.94,0.0,0.0,0.0,0.0,-0.0,-0.0,0.0,0.0,-0.0,0.0,-0.0,nan,MODEL_NOT_IDENTIFIED
1.96,0.0,0.0,0.0,0.0,-0.0,-0.0,0.0,0.0,-0.0,0.0,-0.0,nan,MODEL_NOT_IDENTIFIED
1.98,0.0,0.0,0.0,0.0,-0.0,-0.0,0.0,0.0,-0.0,0.0,-0.0,nan,MODEL_NOT_IDENTIFIED
2.0,0.0,0.0,0.0,0.0,-0.0,-0.0,0.0,0.0,-0.0,0.0,-0.0,nan,MODEL_NOT_IDENTIFIED
2.02,0.0,0.0,0.0,0.0,-0.0,-0.0,0.0,0.0,-0.0,0.0,-0.0,nan,MODEL_NOT_IDENTIFIED
2.04,0.0,0.0,0.0,0.0,-0.0,-0.0,0.0,0.0,-0.0,0.0,-0.0,nan,MODEL_NOT_IDENTIFIED
2.06,0.0,0.0,0.0,0.0,-0.0,-0.0,0.0,0.0,-0.0,0.0,-0.0,nan,MODEL_NOT_IDENTIFIED
2.08,0.0,0.0,0.0,0.0,-0.0,-0.0,0.0,0.0,-0.0,0.0,-0.0,nan,MODEL_NOT_IDENTIFIED
2.1,0.0,0.0,0.0,0.0,-0.0,-0.0,0.0,0.0,-0.0,0.0,-0.0,nan,MODEL_NOT_IDENTIFIED
2.12,0.0,0.0,0.0,0.0,-0.0,-0.0,0.0,0.0,-0.0,0.0,-0.0,nan,MODEL_NOT_IDENTIFIED
2.14,0.0,0.0,0.0,0.0,-0.0,-0.0,0.0,0.0,-0.0,0.0,-0.0,nan,MODEL_NOT_IDENTIFIED
2.16,0.0,0.0,0.0,0.0,-0.0,-0.0,0.0,0.0,-0.0,0.0,-0.0,nan,MODEL_NOT_IDENTIFIED
2.18,0.0,0.0,0.0,0.0,-0.0,-0.0,0.0,0.0,-0.0,0.0,-0.0,nan,MODEL_NOT_IDENTIFIED
2.2,0.0,0.0,0.0,0.0,-0.0,-0.0,0.0,0.0,-0.0,0.0,-0.0,nan,MODEL_NOT_IDENTIFIED
2.22,0.0,0.0,0.0,0.0,-0.0,-0.0,0.0,0.0,-0.0,0.0,-0.0,nan,MODEL_NOT_IDENTIFIED
2.24,0.0,0.0,0.0,0.0,-0.0,-0.0,0.0,0.0,-0.0,0.0,-0.0,nan,MODEL_NOT_IDENTIFIED
2.2600000000000002,0.0,0.0,0.0,0.0,-0.0,-0.0,0.0,0.0,-0.0,0.0,-0.0,nan,MODEL_NOT_IDENTIFIED
2.2800000000000002,0.0,0.0,0.0,0.0,-0.0,-0.0,0.0,0.0,-0.0,0.0,-0.0,nan,MODEL_NOT_IDENTIFIED
2.3000000000000003,0.0,0.0,0.0,0.0,-0.0,-0.0,0.0,0.0,-0.0,0.0,-0.0,nan,MODEL_NOT_IDENTIFIED
2.32,0.0,0.0,0.0,0.0,-0.0,-0.0,0.0,0.0,-0.0,0.0,-0.0,nan,MODEL_NOT_IDENTIFIED
2.34,0.0,0.0,0.0,0.0,-0.0,-0.0,0.0,0.0,-0.0,0.0,-0.0,nan,MODEL_NOT_IDENTIFIED
2.36,0.0,0.0,0.0,0.0,-0.0,-0.0,0.0,0.0,-0.0,0.0,-0.0,nan,MODEL_NOT_IDENTIFIED
2.38,0.0,0.0,0.0,0.0,-0.0,-0.0,0.0,0.0,-0.0,0.0,-0.0,nan,MODEL_NOT_IDENTIFIED
2.4,0.0,0.0,0.0,0.0,-0.0,-0.0,0.0,0.0,-0.0,0.0,-0.0,nan,MODEL_NOT_IDENTIFIED
2.42,0.0,0.0,0.0,0.0,-0.0,-0.0,0.0,0.0,-0.0,0.0,-0.0,nan,MODEL_NOT_IDENTIFIED
2.44,0.0,0.0,0.0,0.0,-0.0,-0.0,0.0,0.0,-0.0,0.0,-0.0,nan,MODEL_NOT_IDENTIFIED
2.46,0.0,0.0,0.0,0.0,-0.0,-0.0,0.0,0.0,-0.0,0.0,-0.0,nan,MODEL_NOT_IDENTIFIED
2.48,0.0,0.0,0.0,0.0,-0.0,-0.0,0.0,0.0,-0.0,0.0,-0.0,nan,MODEL_NOT_IDENTIFIED
2.5,0.0,0.0,0.0,0.0,-0.0,-0.0,0.0,0.0,-0.0,0.0,-0.0,nan,MODEL_NOT_IDENTIFIED
2.52,0.0,0.0,0.0,0.0,-0.0,-0.0,0.0,0.0,-0.0,0.0,-0.0,nan,MODEL_NOT_IDENTIFIED
2.54,0.0,0.0,0.0,0.0,-0.0,-0.0,0.0,0.0,-0.0,0.0,-0.0,nan,MODEL_NOT_IDENTIFIED
2.56,0.0,0.0,0.0,0.0,-0.0,-0.0,0.0,0.0,-0.0,0.0,-0.0,nan,MODEL_NOT_IDENTIFIED
2.58,0.0,0.0,0.0,0.0,-0.0,-0.0,0.0,0.0,-0.0,0.0,-0.0,nan,MODEL_NOT_IDENTIFIED
2.6,0.0,0.0,0.0,0.0,-0.0,-0.0,0.0,0.0,-0.0,0.0,-0.0,nan,MODEL_NOT_IDENTIFIED
2.62,0.0,0.0,0.0,0.0,-0.0,-0.0,0.0,0.0,-0.0,0.0,-0.0,nan,MODEL_NOT_IDENTIFIED
2.64,0.0,0.0,0.0,0.0,-0.0,-0.0,0.0,0.0,-0.0,0.0,-0.0,nan,MODEL_NOT_IDENTIFIED
2.66,0.0,0.0,0.0,0.0,-0.0,-0.0,0.0,0.0,-0.0,0.0,-0.0,nan,MODEL_NOT_IDENTIFIED
2.68,0.0,0.0,0.0,0.0,-0.0,-0.0,0.0,0.0,-0.0,0.0,-0.0,nan,MODEL_NOT_IDENTIFIED
2.7,0.0,0.0,0.0,0.0,-0.0,-0.0,0.0,0.0,-0.0,0.0,-0.0,nan,MODEL_NOT_IDENTIFIED
2.72,0.0,0.0,0.0,0.0,-0.0,-0.0,0.0,0.0,-0.0,0.0,-0.0,nan,MODEL_NOT_IDENTIFIED
2.74,0.0,0.0,0.0,0.0,-0.0,-0.0,0.0,0.0,-0.0,0.0,-0.0,nan,MODEL_NOT_IDENTIFIED
2.7600000000000002,0.0,0.0,0.0,0.0,-0.0,-0.0,0.0,0.0,-0.0,0.0,-0.0,nan,MODEL_NOT_IDENTIFIED
2.7800000000000002,0.0,0.0,0.0,0.0,-0.0,-0.0,0.0,0.0,-0.0,0.0,-0.0,nan,MODEL_NOT_IDENTIFIED
2.8000000000000003,0.0,0.0,0.0,0.0,-0.0,-0.0,0.0,0.0,-0.0,0.0,-0.0,nan,MODEL_NOT_IDENTIFIED
2.82,0.0,0.0,0.0,0.0,-0.0,-0.0,0.0,0.0,-0.0,0.0,-0.0,nan,MODEL_NOT_IDENTIFIED
2.84,0.0,0.0,0.0,0.0,-0.0,-0.0,0.0,0.0,-0.0,0.0,-0.0,nan,MODEL_NOT_IDENTIFIED
2.86,0.0,0.0,0.0,0.0,-0.0,-0.0,0.0,0.0,-0.0,0.0,-0.0,nan,MODEL_NOT_IDENTIFIED
2.88,0.0,0.0,0.0,0.0,-0.0,-0.0,0.0,0.0,-0.0,0.0,-0.0,nan,MODEL_NOT_IDENTIFIED
2.9,0.0,0.0,0.0,0.0,-0.0,-0.0,0.0,0.0,-0.0,0.0,-0.0,nan,MODEL_NOT_IDENTIFIED
2.92,0.0,0.0,0.0,0.0,-0.0,-0.0,0.0,0.0,-0.0,0.0,-0.0,nan,MODEL_NOT_IDENTIFIED
2.94,0.0,0.0,0.0,0.0,-0.0,-0.0,0.0,0.0,-0.0,0.0,-0.0,nan,MODEL_NOT_IDENTIFIED
2.96,0.0,0.0,0.0,0.0,-0.0,-0.0,0.0,0.0,-0.0,0.0,-0.0,nan,MODEL_NOT_IDENTIFIED
2.98,0.0,0.0,0.0,0.0,-0.0,-0.0,0.0,0.0,-0.0,0.0,-0.0,nan,MODEL_NOT_IDENTIFIED
3.0,0.0,0.0,0.0,0.0,-0.0,-0.0,0.0,0.0,-0.0,0.0,-0.0,nan,MODEL_NOT_IDENTIFIED
3.02,0.0,0.0,0.0,0.0,-0.0,-0.0,0.0,0.0,-0.0,0.0,-0.0,nan,MODEL_NOT_IDENTIFIED
3.04,0.0,0.0,0.0,0.0,-0.0,-0.0,0.0,0.0,-0.0,0.0,-0.0,nan,MODEL_NOT_IDENTIFIED
3.06,0.0,0.0,0.0,0.0,-0.0,-0.0,0.0,0.0,-0.0,0.0,-0.0,nan,MODEL_NOT_IDENTIFIED
3.08,0.0,0.0,0.0,0.0,-0.0,-0.0,0.0,0.0,-0.0,0.0,-0.0,nan,MODEL_NOT_IDENTIFIED
3.1,0.0,0.0,0.0,0.0,-0.0,-0.0,0.0,0.0,-0.0,0.0,-0.0,nan,MODEL_NOT_IDENTIFIED
3.12,0.0,0.0,0.0,0.0,-0.0,-0.0,0.0,0.0,-0.0,0.0,-0.0,nan,MODEL_NOT_IDENTIFIED
3.14,0.0,0.0,0.0,0.0,-0.0,-0.0,0.0,0.0,-0.0,0.0,-0.0,nan,MODEL_NOT_IDENTIFIED
3.16,0.0,0.0,0.0,0.0,-0.0,-0.0,0.0,0.0,-0.0,0.0,-0.0,nan,MODEL_NOT_IDENTIFIED
3.18,0.0,0.0,0.0,0.0,-0.0,-0.0,0.0,0.0,-0.0,0.0,-0.0,nan,MODEL_NOT_IDENTIFIED
3.2,0.0,0.0,0.0,0.0,-0.0,-0.0,0.0,0.0,-0.0,0.0,-0.0,nan,MODEL_NOT_IDENTIFIED
3.22,0.0,0.0,0.0,0.0,-0.0,-0.0,0.0,0.0,-0.0,0.0,-0.0,nan,MODEL_NOT_IDENTIFIED
3.24,0.0,0.0,0.0,0.0,-0.0,-0.0,0.0,0.0,-0.0,0.0,-0.0,nan,MODEL_NOT_IDENTIFIED
3.2600000000000002,0.0,0.0,0.0,0.0,-0.0,-0.0,0.0,0.0,-0.0,0.0,-0.0,nan,MODEL_NOT_IDENTIFIED
3.2800000000000002,0.0,0.0,0.0,0.0,-0.0,-0.0,0.0,0.0,-0.0,0.0,-0.0,nan,MODEL_NOT_IDENTIFIED
3.3000000000000003,0.0,0.0,0.0,0.0,-0.0,-0.0,0.0,0.0,-0.0,0.0,-0.0,nan,MODEL_NOT_IDENTIFIED
3.3200000000000003,0.0,0.0,0.0,0.0,-0.0,-0.0,0.0,0.0,-0.0,0.0,-0.0,nan,MODEL_NOT_IDENTIFIED
3.34,0.0,0.0,0.0,0.0,-0.0,-0.0,0.0,0.0,-0.0,0.0,-0.0,nan,MODEL_NOT_IDENTIFIED
3.36,0.0,0.0,0.0,0.0,-0.0,-0.0,0.0,0.0,-0.0,0.0,-0.0,nan,MODEL_NOT_IDENTIFIED
3.38,0.0,0.0,0.0,0.0,-0.0,-0.0,0.0,0.0,-0.0,0.0,-0.0,nan,MODEL_NOT_IDENTIFIED
3.4,0.0,0.0,0.0,0.0,-0.0,-0.0,0.0,0.0,-0.0,0.0,-0.0,nan,MODEL_NOT_IDENTIFIED
3.42,0.0,0.0,0.0,0.0,-0.0,-0.0,0.0,0.0,-0.0,0.0,-0.0,nan,MODEL_NOT_IDENTIFIED
3.44,0.0,0.0,0.0,0.0,-0.0,-0.0,0.0,0.0,-0.0,0.0,-0.0,nan,MODEL_NOT_IDENTIFIED
3.46,0.0,0.0,0.0,0.0,-0.0,-0.0,0.0,0.0,-0.0,0.0,-0.0,nan,MODEL_NOT_IDENTIFIED
3.48,0.0,0.0,0.0,0.0,-0.0,-0.0,0.0,0.0,-0.0,0.0,-0.0,nan,MODEL_NOT_IDENTIFIED
3.5,0.0,0.0,0.0,0.0,-0.0,-0.0,0.0,0.0,-0.0,0.0,-0.0,nan,MODEL_NOT_IDENTIFIED
3.52,0.0,0.0,0.0,0.0,-0.0,-0.0,0.0,0.0,-0.0,0.0,-0.0,nan,MODEL_NOT_IDENTIFIED
3.54,0.0,0.0,0.0,0.0,-0.0,-0.0,0.0,0.0,-0.0,0.0,-0.0,nan,MODEL_NOT_IDENTIFIED
3.56,0.0,0.0,0.0,0.0,-0.0,-0.0,0.0,0.0,-0.0,0.0,-0.0,nan,MODEL_NOT_IDENTIFIED
3.58,0.0,0.0,0.0,0.0,-0.0,-0.0,0.0,0.0,-0.0,0.0,-0.0,nan,MODEL_NOT_IDENTIFIED
3.6,0.0,0.0,0.0,0.0,-0.0,-0.0,0.0,0.0,-0.0,0.0,-0.0,nan,MODEL_NOT_IDENTIFIED
3.62,0.0,0.0,0.0,0.0,-0.0,-0.0,0.0,0.0,-0.0,0.0,-0.0,nan,MODEL_NOT_IDENTIFIED
3.64,0.0,0.0,0.0,0.0,-0.0,-0.0,0.0,0.0,-0.0,0.0,-0.0,nan,MODEL_NOT_IDENTIFIED
3.66,0.0,0.0,0.0,0.0,-0.0,-0.0,0.0,0.0,-0.0,0.0,-0.0,nan,MODEL_NOT_IDENTIFIED
3.68,0.0,0.0,0.0,0.0,-0.0,-0.0,0.0,0.0,-0.0,0.0,-0.0,nan,MODEL_NOT_IDENTIFIED
3.7,0.0,0.0,0.0,0.0,-0.0,-0.0,0.0,0.0,-0.0,0.0,-0.0,nan,MODEL_NOT_IDENTIFIED
3.72,0.0,0.0,0.0,0.0,-0.0,-0.0,0.0,0.0,-0.0,0.0,-0.0,nan,MODEL_NOT_IDENTIFIED
3.74,0.0,0.0,0.0,0.0,-0.0,-0.0,0.0,0.0,-0.0,0.0,-0.0,nan,MODEL_NOT_IDENTIFIED
3.7600000000000002,0.0,0.0,0.0,0.0,-0.0,-0.0,0.0,0.0,-0.0,0.0,-0.0,nan,MODEL_NOT_IDENTIFIED
3.7800000000000002,0.0,0.0,0.0,0.0,-0.0,-0.0,0.0,0.0,-0.0,0.0,-0.0,nan,MODEL_NOT_IDENTIFIED
3.8000000000000003,0.0,0.0,0.0,0.0,-0.0,-0.0,0.0,0.0,-0.0,0.0,-0.0,nan,MODEL_NOT_IDENTIFIED
3.8200000000000003,0.0,0.0,0.0,0.0,-0.0,-0.0,0.0,0.0,-0.0,0.0,-0.0,nan,MODEL_NOT_IDENTIFIED
3.84,0.0,0.0,0.0,0.0,-0.0,-0.0,0.0,0.0,-0.0,0.0,-0.0,nan,MODEL_NOT_IDENTIFIED
3.86,0.0,0.0,0.0,0.0,-0.0,-0.0,0.0,0.0,-0.0,0.0,-0.0,nan,MODEL_NOT_IDENTIFIED
3.88,0.0,0.0,0.0,0.0,-0.0,-0.0,0.0,0.0,-0.0,0.0,-0.0,nan,MODEL_NOT_IDENTIFIED
3.9,0.0,0.0,0.0,0.0,-0.0,-0.0,0.0,0.0,-0.0,0.0,-0.0,nan,MODEL_NOT_IDENTIFIED
3.92,0.0,0.0,0.0,0.0,-0.0,-0.0,0.0,0.0,-0.0,0.0,-0.0,nan,MODEL_NOT_IDENTIFIED
3.94,0.0,0.0,0.0,0.0,-0.0,-0.0,0.0,0.0,-0.0,0.0,-0.0,nan,MODEL_NOT_IDENTIFIED
3.96,0.0,0.0,0.0,0.0,-0.0,-0.0,0.0,0.0,-0.0,0.0,-0.0,nan,MODEL_NOT_IDENTIFIED
3.98,0.0,0.0,0.0,0.0,-0.0,-0.0,0.0,0.0,-0.0,0.0,-0.0,nan,MODEL_NOT_IDENTIFIED
4.0,0.0,0.0,0.0,0.0,-0.0,-0.0,0.0,0.0,-0.0,0.0,-0.0,nan,MODEL_NOT_IDENTIFIED
4.0200000000000005,0.0,0.0,0.0,0.0,-0.0,-0.0,0.0,0.0,-0.0,0.0,-0.0,nan,MODEL_NOT_IDENTIFIED
4.04,0.0,0.0,0.0,0.0,-0.0,-0.0,0.0,0.0,-0.0,0.0,-0.0,nan,MODEL_NOT_IDENTIFIED
4.0600000000000005,0.0,0.0,0.0,0.0,-0.0,-0.0,0.0,0.0,-0.0,0.0,-0.0,nan,MODEL_NOT_IDENTIFIED
4.08,0.0,0.0,0.0,0.0,-0.0,-0.0,0.0,0.0,-0.0,0.0,-0.0,nan,MODEL_NOT_IDENTIFIED
4.1,0.0,0.0,0.0,0.0,-0.0,-0.0,0.0,0.0,-0.0,0.0,-0.0,nan,MODEL_NOT_IDENTIFIED
4.12,0.0,0.0,0.0,0.0,-0.0,-0.0,0.0,0.0,-0.0,0.0,-0.0,nan,MODEL_NOT_IDENTIFIED
4.14,0.0,0.0,0.0,0.0,-0.0,-0.0,0.0,0.0,-0.0,0.0,-0.0,nan,MODEL_NOT_IDENTIFIED
4.16,0.0,0.0,0.0,0.0,-0.0,-0.0,0.0,0.0,-0.0,0.0,-0.0,nan,MODEL_NOT_IDENTIFIED
4.18,0.0,0.0,0.0,0.0,-0.0,-0.0,0.0,0.0,-0.0,0.0,-0.0,nan,MODEL_NOT_IDENTIFIED
4.2,0.0,0.0,0.0,0.0,-0.0,-0.0,0.0,0.0,-0.0,0.0,-0.0,nan,MODEL_NOT_IDENTIFIED
4.22,0.0,0.0,0.0,0.0,-0.0,-0.0,0.0,0.0,-0.0,0.0,-0.0,nan,MODEL_NOT_IDENTIFIED
4.24,0.0,0.0,0.0,0.0,-0.0,-0.0,0.0,0.0,-0.0,0.0,-0.0,nan,MODEL_NOT_IDENTIFIED
4.26,0.0,0.0,0.0,0.0,-0.0,-0.0,0.0,0.0,-0.0,0.0,-0.0,nan,MODEL_NOT_IDENTIFIED
4.28,0.0,0.0,0.0,0.0,-0.0,-0.0,0.0,0.0,-0.0,0.0,-0.0,nan,MODEL_NOT_IDENTIFIED
4.3,0.0,0.0,0.0,0.0,-0.0,-0.0,0.0,0.0,-0.0,0.0,-0.0,nan,MODEL_NOT_IDENTIFIED
4.32,0.0,0.0,0.0,0.0,-0.0,-0.0,0.0,0.0,-0.0,0.0,-0.0,nan,MODEL_NOT_IDENTIFIED
4.34,0.0,0.0,0.0,0.0,-0.0,-0.0,0.0,0.0,-0.0,0.0,-0.0,nan,MODEL_NOT_IDENTIFIED
4.36,0.0,0.0,0.0,0.0,-0.0,-0.0,0.0,0.0,-0.0,0.0,-0.0,nan,MODEL_NOT_IDENTIFIED
4.38,0.0,0.0,0.0,0.0,-0.0,-0.0,0.0,0.0,-0.0,0.0,-0.0,nan,MODEL_NOT_IDENTIFIED
4.4,0.0,0.0,0.0,0.0,-0.0,-0.0,0.0,0.0,-0.0,0.0,-0.0,nan,MODEL_NOT_IDENTIFIED
4.42,0.0,0.0,0.0,0.0,-0.0,-0.0,0.0,0.0,-0.0,0.0,-0.0,nan,MODEL_NOT_IDENTIFIED
4.44,0.0,0.0,0.0,0.0,-0.0,-0.0,0.0,0.0,-0.0,0.0,-0.0,nan,MODEL_NOT_IDENTIFIED
4.46,0.0,0.0,0.0,0.0,-0.0,-0.0,0.0,0.0,-0.0,0.0,-0.0,nan,MODEL_NOT_IDENTIFIED
4.48,0.0,0.0,0.0,0.0,-0.0,-0.0,0.0,0.0,-0.0,0.0,-0.0,nan,MODEL_NOT_IDENTIFIED
4.5,0.0,0.0,0.0,0.0,-0.0,-0.0,0.0,0.0,-0.0,0.0,-0.0,nan,MODEL_NOT_IDENTIFIED
4.5200000000000005,0.0,0.0,0.0,0.0,-0.0,-0.0,0.0,0.0,-0.0,0.0,-0.0,nan,MODEL_NOT_IDENTIFIED
4.54,0.0,0.0,0.0,0.0,-0.0,-0.0,0.0,0.0,-0.0,0.0,-0.0,nan,MODEL_NOT_IDENTIFIED
4.5600000000000005,0.0,0.0,0.0,0.0,-0.0,-0.0,0.0,0.0,-0.0,0.0,-0.0,nan,MODEL_NOT_IDENTIFIED
4.58,0.0,0.0,0.0,0.0,-0.0,-0.0,0.0,0.0,-0.0,0.0,-0.0,nan,MODEL_NOT_IDENTIFIED
4.6000000000000005,0.0,0.0,0.0,0.0,-0.0,-0.0,0.0,0.0,-0.0,0.0,-0.0,nan,MODEL_NOT_IDENTIFIED
4.62,0.0,0.0,0.0,0.0,-0.0,-0.0,0.0,0.0,-0.0,0.0,-0.0,nan,MODEL_NOT_IDENTIFIED
4.64,0.0,0.0,0.0,0.0,-0.0,-0.0,0.0,0.0,-0.0,0.0,-0.0,nan,MODEL_NOT_IDENTIFIED
4.66,0.0,0.0,0.0,0.0,-0.0,-0.0,0.0,0.0,-0.0,0.0,-0.0,nan,MODEL_NOT_IDENTIFIED
4.68,0.0,0.0,0.0,0.0,-0.0,-0.0,0.0,0.0,-0.0,0.0,-0.0,nan,MODEL_NOT_IDENTIFIED
4.7,0.0,0.0,0.0,0.0,-0.0,-0.0,0.0,0.0,-0.0,0.0,-0.0,nan,MODEL_NOT_IDENTIFIED
4.72,0.0,0.0,0.0,0.0,-0.0,-0.0,0.0,0.0,-0.0,0.0,-0.0,nan,MODEL_NOT_IDENTIFIED
4.74,0.0,0.0,0.0,0.0,-0.0,-0.0,0.0,0.0,-0.0,0.0,-0.0,nan,MODEL_NOT_IDENTIFIED
4.76,0.0,0.0,0.0,0.0,-0.0,-0.0,0.0,0.0,-0.0,0.0,-0.0,nan,MODEL_NOT_IDENTIFIED
4.78,0.0,0.0,0.0,0.0,-0.0,-0.0,0.0,0.0,-0.0,0.0,-0.0,nan,MODEL_NOT_IDENTIFIED
4.8,0.0,0.0,0.0,0.0,-0.0,-0.0,0.0,0.0,-0.0,0.0,-0.0,nan,MODEL_NOT_IDENTIFIED
4.82,0.0,0.0,0.0,0.0,-0.0,-0.0,0.0,0.0,-0.0,0.0,-0.0,nan,MODEL_NOT_IDENTIFIED
4.84,0.0,0.0,0.0,0.0,-0.0,-0.0,0.0,0.0,-0.0,0.0,-0.0,nan,MODEL_NOT_IDENTIFIED
4.86,0.0,0.0,0.0,0.0,-0.0,-0.0,0.0,0.0,-0.0,0.0,-0.0,nan,MODEL_NOT_IDENTIFIED
4.88,0.0,0.0,0.0,0.0,-0.0,-0.0,0.0,0.0,-0.0,0.0,-0.0,nan,MODEL_NOT_IDENTIFIED
4.9,0.0,0.0,0.0,0.0,-0.0,-0.0,0.0,0.0,-0.0,0.0,-0.0,nan,MODEL_NOT_IDENTIFIED
4.92,0.0,0.0,0.0,0.0,-0.0,-0.0,0.0,0.0,-0.0,0.0,-0.0,nan,MODEL_NOT_IDENTIFIED
4.94,0.0,0.0,0.0,0.0,-0.0,-0.0,0.0,0.0,-0.0,0.0,-0.0,nan,MODEL_NOT_IDENTIFIED
4.96,0.0,0.0,0.0,0.0,-0.0,-0.0,0.0,0.0,-0.0,0.0,-0.0,nan,MODEL_NOT_IDENTIFIED
4.98,0.0,0.0,0.0,0.0,-0.0,-0.0,0.0,0.0,-0.0,0.0,-0.0,nan,MODEL_NOT_IDENTIFIED
5.0,0.0,0.0,0.0,0.0,-0.0,-0.0,0.0,0.0,-0.0,0.0,-0.0,nan,MODEL_NOT_IDENTIFIED
5.0200000000000005,0.0,0.0,0.0,0.0,-0.0,-0.0,0.0,0.0,-0.0,0.0,-0.0,nan,MODEL_NOT_IDENTIFIED
5.04,0.0,0.0,0.0,0.0,-0.0,-0.0,0.0,0.0,-0.0,0.0,-0.0,nan,MODEL_NOT_IDENTIFIED
5.0600000000000005,0.0,0.0,0.0,0.0,-0.0,-0.0,0.0,0.0,-0.0,0.0,-0.0,nan,MODEL_NOT_IDENTIFIED
5.08,0.0,0.0,0.0,0.0,-0.0,-0.0,0.0,0.0,-0.0,0.0,-0.0,nan,MODEL_NOT_IDENTIFIED
5.1000000000000005,0.0,0.0,0.0,0.0,-0.0,-0.0,0.0,0.0,-0.0,0.0,-0.0,nan,MODEL_NOT_IDENTIFIED
5.12,0.0,0.0,0.0,0.0,-0.0,-0.0,0.0,0.0,-0.0,0.0,-0.0,nan,MODEL_NOT_IDENTIFIED
5.14,0.0,0.0,0.0,0.0,-0.0,-0.0,0.0,0.0,-0.0,0.0,-0.0,nan,MODEL_NOT_IDENTIFIED
5.16,0.0,0.0,0.0,0.0,-0.0,-0.0,0.0,0.0,-0.0,0.0,-0.0,nan,MODEL_NOT_IDENTIFIED
5.18,0.0,0.0,0.0,0.0,-0.0,-0.0,0.0,0.0,-0.0,0.0,-0.0,nan,MODEL_NOT_IDENTIFIED
5.2,0.0,0.0,0.0,0.0,-0.0,-0.0,0.0,0.0,-0.0,0.0,-0.0,nan,MODEL_NOT_IDENTIFIED
5.22,0.0,0.0,0.0,0.0,-0.0,-0.0,0.0,0.0,-0.0,0.0,-0.0,nan,MODEL_NOT_IDENTIFIED
5.24,0.0,0.0,0.0,0.0,-0.0,-0.0,0.0,0.0,-0.0,0.0,-0.0,nan,MODEL_NOT_IDENTIFIED
5.26,0.0,0.0,0.0,0.0,-0.0,-0.0,0.0,0.0,-0.0,0.0,-0.0,nan,MODEL_NOT_IDENTIFIED
5.28,0.0,0.0,0.0,0.0,-0.0,-0.0,0.0,0.0,-0.0,0.0,-0.0,nan,MODEL_NOT_IDENTIFIED
5.3,0.0,0.0,0.0,0.0,-0.0,-0.0,0.0,0.0,-0.0,0.0,-0.0,nan,MODEL_NOT_IDENTIFIED
5.32,0.0,0.0,0.0,0.0,-0.0,-0.0,0.0,0.0,-0.0,0.0,-0.0,nan,MODEL_NOT_IDENTIFIED
5.34,0.0,0.0,0.0,0.0,-0.0,-0.0,0.0,0.0,-0.0,0.0,-0.0,nan,MODEL_NOT_IDENTIFIED
5.36,0.0,0.0,0.0,0.0,-0.0,-0.0,0.0,0.0,-0.0,0.0,-0.0,nan,MODEL_NOT_IDENTIFIED
5.38,0.0,0.0,0.0,0.0,-0.0,-0.0,0.0,0.0,-0.0,0.0,-0.0,nan,MODEL_NOT_IDENTIFIED
5.4,0.0,0.0,0.0,0.0,-0.0,-0.0,0.0,0.0,-0.0,0.0,-0.0,nan,MODEL_NOT_IDENTIFIED
5.42,0.0,0.0,0.0,0.0,-0.0,-0.0,0.0,0.0,-0.0,0.0,-0.0,nan,MODEL_NOT_IDENTIFIED
5.44,0.0,0.0,0.0,0.0,-0.0,-0.0,0.0,0.0,-0.0,0.0,-0.0,nan,MODEL_NOT_IDENTIFIED
5.46,0.0,0.0,0.0,0.0,-0.0,-0.0,0.0,0.0,-0.0,0.0,-0.0,nan,MODEL_NOT_IDENTIFIED
5.48,0.0,0.0,0.0,0.0,-0.0,-0.0,0.0,0.0,-0.0,0.0,-0.0,nan,MODEL_NOT_IDENTIFIED
5.5,0.0,0.0,0.0,0.0,-0.0,-0.0,0.0,0.0,-0.0,0.0,-0.0,nan,MODEL_NOT_IDENTIFIED
5.5200000000000005,0.0,0.0,0.0,0.0,-0.0,-0.0,0.0,0.0,-0.0,0.0,-0.0,nan,MODEL_NOT_IDENTIFIED
5.54,0.0,0.0,0.0,0.0,-0.0,-0.0,0.0,0.0,-0.0,0.0,-0.0,nan,MODEL_NOT_IDENTIFIED
5.5600000000000005,0.0,0.0,0.0,0.0,-0.0,-0.0,0.0,0.0,-0.0,0.0,-0.0,nan,MODEL_NOT_IDENTIFIED
5.58,0.0,0.0,0.0,0.0,-0.0,-0.0,0.0,0.0,-0.0,0.0,-0.0,nan,MODEL_NOT_IDENTIFIED
5.6000000000000005,0.0,0.0,0.0,0.0,-0.0,-0.0,0.0,0.0,-0.0,0.0,-0.0,nan,MODEL_NOT_IDENTIFIED
5.62,0.0,0.0,0.0,0.0,-0.0,-0.0,0.0,0.0,-0.0,0.0,-0.0,nan,MODEL_NOT_IDENTIFIED
5.64,0.0,0.0,0.0,0.0,-0.0,-0.0,0.0,0.0,-0.0,0.0,-0.0,nan,MODEL_NOT_IDENTIFIED
5.66,0.0,0.0,0.0,0.0,-0.0,-0.0,0.0,0.0,-0.0,0.0,-0.0,nan,MODEL_NOT_IDENTIFIED
5.68,0.0,0.0,0.0,0.0,-0.0,-0.0,0.0,0.0,-0.0,0.0,-0.0,nan,MODEL_NOT_IDENTIFIED
5.7,0.0,0.0,0.0,0.0,-0.0,-0.0,0.0,0.0,-0.0,0.0,-0.0,nan,MODEL_NOT_IDENTIFIED
5.72,0.0,0.0,0.0,0.0,-0.0,-0.0,0.0,0.0,-0.0,0.0,-0.0,nan,MODEL_NOT_IDENTIFIED
5.74,0.0,0.0,0.0,0.0,-0.0,-0.0,0.0,0.0,-0.0,0.0,-0.0,nan,MODEL_NOT_IDENTIFIED
5.76,0.0,0.0,0.0,0.0,-0.0,-0.0,0.0,0.0,-0.0,0.0,-0.0,nan,MODEL_NOT_IDENTIFIED
5.78,0.0,0.0,0.0,0.0,-0.0,-0.0,0.0,0.0,-0.0,0.0,-0.0,nan,MODEL_NOT_IDENTIFIED
5.8,0.0,0.0,0.0,0.0,-0.0,-0.0,0.0,0.0,-0.0,0.0,-0.0,nan,MODEL_NOT_IDENTIFIED
5.82,0.0,0.0,0.0,0.0,-0.0,-0.0,0.0,0.0,-0.0,0.0,-0.0,nan,MODEL_NOT_IDENTIFIED
5.84,0.0,0.0,0.0,0.0,-0.0,-0.0,0.0,0.0,-0.0,0.0,-0.0,nan,MODEL_NOT_IDENTIFIED
5.86,0.0,0.0,0.0,0.0,-0.0,-0.0,0.0,0.0,-0.0,0.0,-0.0,nan,MODEL_NOT_IDENTIFIED
5.88,0.0,0.0,0.0,0.0,-0.0,-0.0,0.0,0.0,-0.0,0.0,-0.0,nan,MODEL_NOT_IDENTIFIED
5.9,0.0,0.0,0.0,0.0,-0.0,-0.0,0.0,0.0,-0.0,0.0,-0.0,nan,MODEL_NOT_IDENTIFIED
5.92,0.0,0.0,0.0,0.0,-0.0,-0.0,0.0,0.0,-0.0,0.0,-0.0,nan,MODEL_NOT_IDENTIFIED
5.94,0.0,0.0,0.0,0.0,-0.0,-0.0,0.0,0.0,-0.0,0.0,-0.0,nan,MODEL_NOT_IDENTIFIED
5.96,0.0,0.0,0.0,0.0,-0.0,-0.0,0.0,0.0,-0.0,0.0,-0.0,nan,MODEL_NOT_IDENTIFIED
5.98,0.0,0.0,0.0,0.0,-0.0,-0.0,0.0,0.0,-0.0,0.0,-0.0,nan,MODEL_NOT_IDENTIFIED
6.0,0.0,0.0,0.0,0.0,-0.0,-0.0,0.0,0.0,-0.0,0.0,-0.0,nan,MODEL_NOT_IDENTIFIED
6.0200000000000005,0.0,0.0,0.0,0.0,-0.0,-0.0,0.0,0.0,-0.0,0.0,-0.0,nan,MODEL_NOT_IDENTIFIED
6.04,0.0,0.0,0.0,0.0,-0.0,-0.0,0.0,0.0,-0.0,0.0,-0.0,nan,MODEL_NOT_IDENTIFIED
6.0600000000000005,0.0,0.0,0.0,0.0,-0.0,-0.0,0.0,0.0,-0.0,0.0,-0.0,nan,MODEL_NOT_IDENTIFIED
6.08,0.0,0.0,0.0,0.0,-0.0,-0.0,0.0,0.0,-0.0,0.0,-0.0,nan,MODEL_NOT_IDENTIFIED
6.1000000000000005,0.0,0.0,0.0,0.0,-0.0,-0.0,0.0,0.0,-0.0,0.0,-0.0,nan,MODEL_NOT_IDENTIFIED
6.12,0.0,0.0,0.0,0.0,-0.0,-0.0,0.0,0.0,-0.0,0.0,-0.0,nan,MODEL_NOT_IDENTIFIED
6.140000000000001,0.0,0.0,0.0,0.0,-0.0,-0.0,0.0,0.0,-0.0,0.0,-0.0,nan,MODEL_NOT_IDENTIFIED
6.16,0.0,0.0,0.0,0.0,-0.0,-0.0,0.0,0.0,-0.0,0.0,-0.0,nan,MODEL_NOT_IDENTIFIED
6.18,0.0,0.0,0.0,0.0,-0.0,-0.0,0.0,0.0,-0.0,0.0,-0.0,nan,MODEL_NOT_IDENTIFIED
6.2,0.0,0.0,0.0,0.0,-0.0,-0.0,0.0,0.0,-0.0,0.0,-0.0,nan,MODEL_NOT_IDENTIFIED
6.22,0.0,0.0,0.0,0.0,-0.0,-0.0,0.0,0.0,-0.0,0.0,-0.0,nan,MODEL_NOT_IDENTIFIED
6.24,0.0,0.0,0.0,0.0,-0.0,-0.0,0.0,0.0,-0.0,0.0,-0.0,nan,MODEL_NOT_IDENTIFIED
6.26,0.0,0.0,0.0,0.0,-0.0,-0.0,0.0,0.0,-0.0,0.0,-0.0,nan,MODEL_NOT_IDENTIFIED
6.28,0.0,0.0,0.0,0.0,-0.0,-0.0,0.0,0.0,-0.0,0.0,-0.0,nan,MODEL_NOT_IDENTIFIED
6.3,0.0,0.0,0.0,0.0,-0.0,-0.0,0.0,0.0,-0.0,0.0,-0.0,nan,MODEL_NOT_IDENTIFIED
6.32,0.0,0.0,0.0,0.0,-0.0,-0.0,0.0,0.0,-0.0,0.0,-0.0,nan,MODEL_NOT_IDENTIFIED
6.34,0.0,0.0,0.0,0.0,-0.0,-0.0,0.0,0.0,-0.0,0.0,-0.0,nan,MODEL_NOT_IDENTIFIED
6.36,0.0,0.0,0.0,0.0,-0.0,-0.0,0.0,0.0,-0.0,0.0,-0.0,nan,MODEL_NOT_IDENTIFIED
6.38,0.0,0.0,0.0,0.0,-0.0,-0.0,0.0,0.0,-0.0,0.0,-0.0,nan,MODEL_NOT_IDENTIFIED
6.4,0.0,0.0,0.0,0.0,-0.0,-0.0,0.0,0.0,-0.0,0.0,-0.0,nan,MODEL_NOT_IDENTIFIED
6.42,0.0,0.0,0.0,0.0,-0.0,-0.0,0.0,0.0,-0.0,0.0,-0.0,nan,MODEL_NOT_IDENTIFIED
6.44,0.0,0.0,0.0,0.0,-0.0,-0.0,0.0,0.0,-0.0,0.0,-0.0,nan,MODEL_NOT_IDENTIFIED
6.46,0.0,0.0,0.0,0.0,-0.0,-0.0,0.0,0.0,-0.0,0.0,-0.0,nan,MODEL_NOT_IDENTIFIED
6.48,0.0,0.0,0.0,0.0,-0.0,-0.0,0.0,0.0,-0.0,0.0,-0.0,nan,MODEL_NOT_IDENTIFIED
6.5,0.0,0.0,0.0,0.0,-0.0,-0.0,0.0,0.0,-0.0,0.0,-0.0,nan,MODEL_NOT_IDENTIFIED
6.5200000000000005,0.0,0.0,0.0,0.0,-0.0,-0.0,0.0,0.0,-0.0,0.0,-0.0,nan,MODEL_NOT_IDENTIFIED
6.54,0.0,0.0,0.0,0.0,-0.0,-0.0,0.0,0.0,-0.0,0.0,-0.0,nan,MODEL_NOT_IDENTIFIED
6.5600000000000005,0.0,0.0,0.0,0.0,-0.0,-0.0,0.0,0.0,-0.0,0.0,-0.0,nan,MODEL_NOT_IDENTIFIED
6.58,0.0,0.0,0.0,0.0,-0.0,-0.0,0.0,0.0,-0.0,0.0,-0.0,nan,MODEL_NOT_IDENTIFIED
6.6000000000000005,0.0,0.0,0.0,0.0,-0.0,-0.0,0.0,0.0,-0.0,0.0,-0.0,nan,MODEL_NOT_IDENTIFIED
6.62,0.0,0.0,0.0,0.0,-0.0,-0.0,0.0,0.0,-0.0,0.0,-0.0,nan,MODEL_NOT_IDENTIFIED
6.640000000000001,0.0,0.0,0.0,0.0,-0.0,-0.0,0.0,0.0,-0.0,0.0,-0.0,nan,MODEL_NOT_IDENTIFIED
6.66,0.0,0.0,0.0,0.0,-0.0,-0.0,0.0,0.0,-0.0,0.0,-0.0,nan,MODEL_NOT_IDENTIFIED
6.68,0.0,0.0,0.0,0.0,-0.0,-0.0,0.0,0.0,-0.0,0.0,-0.0,nan,MODEL_NOT_IDENTIFIED
6.7,0.0,0.0,0.0,0.0,-0.0,-0.0,0.0,0.0,-0.0,0.0,-0.0,nan,MODEL_NOT_IDENTIFIED
6.72,0.0,0.0,0.0,0.0,-0.0,-0.0,0.0,0.0,-0.0,0.0,-0.0,nan,MODEL_NOT_IDENTIFIED
6.74,0.0,0.0,0.0,0.0,-0.0,-0.0,0.0,0.0,-0.0,0.0,-0.0,nan,MODEL_NOT_IDENTIFIED
6.76,0.0,0.0,0.0,0.0,-0.0,-0.0,0.0,0.0,-0.0,0.0,-0.0,nan,MODEL_NOT_IDENTIFIED
6.78,0.0,0.0,0.0,0.0,-0.0,-0.0,0.0,0.0,-0.0,0.0,-0.0,nan,MODEL_NOT_IDENTIFIED
6.8,0.0,0.0,0.0,0.0,-0.0,-0.0,0.0,0.0,-0.0,0.0,-0.0,nan,MODEL_NOT_IDENTIFIED
6.82,0.0,0.0,0.0,0.0,-0.0,-0.0,0.0,0.0,-0.0,0.0,-0.0,nan,MODEL_NOT_IDENTIFIED
6.84,0.0,0.0,0.0,0.0,-0.0,-0.0,0.0,0.0,-0.0,0.0,-0.0,nan,MODEL_NOT_IDENTIFIED
6.86,0.0,0.0,0.0,0.0,-0.0,-0.0,0.0,0.0,-0.0,0.0,-0.0,nan,MODEL_NOT_IDENTIFIED
6.88,0.0,0.0,0.0,0.0,-0.0,-0.0,0.0,0.0,-0.0,0.0,-0.0,nan,MODEL_NOT_IDENTIFIED
6.9,0.0,0.0,0.0,0.0,-0.0,-0.0,0.0,0.0,-0.0,0.0,-0.0,nan,MODEL_NOT_IDENTIFIED
6.92,0.0,0.0,0.0,0.0,-0.0,-0.0,0.0,0.0,-0.0,0.0,-0.0,nan,MODEL_NOT_IDENTIFIED
6.94,0.0,0.0,0.0,0.0,-0.0,-0.0,0.0,0.0,-0.0,0.0,-0.0,nan,MODEL_NOT_IDENTIFIED
6.96,0.0,0.0,0.0,0.0,-0.0,-0.0,0.0,0.0,-0.0,0.0,-0.0,nan,MODEL_NOT_IDENTIFIED
6.98,0.0,0.0,0.0,0.0,-0.0,-0.0,0.0,0.0,-0.0,0.0,-0.0,nan,MODEL_NOT_IDENTIFIED
7.0,0.0,0.0,0.0,0.0,-0.0,-0.0,0.0,0.0,-0.0,0.0,-0.0,nan,MODEL_NOT_IDENTIFIED
7.0200000000000005,0.0,0.0,0.0,0.0,-0.0,-0.0,0.0,0.0,-0.0,0.0,-0.0,nan,MODEL_NOT_IDENTIFIED
7.04,0.0,0.0,0.0,0.0,-0.0,-0.0,0.0,0.0,-0.0,0.0,-0.0,nan,MODEL_NOT_IDENTIFIED
7.0600000000000005,0.0,0.0,0.0,0.0,-0.0,-0.0,0.0,0.0,-0.0,0.0,-0.0,nan,MODEL_NOT_IDENTIFIED
7.08,0.0,0.0,0.0,0.0,-0.0,-0.0,0.0,0.0,-0.0,0.0,-0.0,nan,MODEL_NOT_IDENTIFIED
7.1000000000000005,0.0,0.0,0.0,0.0,-0.0,-0.0,0.0,0.0,-0.0,0.0,-0.0,nan,MODEL_NOT_IDENTIFIED
7.12,0.0,0.0,0.0,0.0,-0.0,-0.0,0.0,0.0,-0.0,0.0,-0.0,nan,MODEL_NOT_IDENTIFIED
7.140000000000001,0.0,0.0,0.0,0.0,-0.0,-0.0,0.0,0.0,-0.0,0.0,-0.0,nan,MODEL_NOT_IDENTIFIED
7.16,0.0,0.0,0.0,0.0,-0.0,-0.0,0.0,0.0,-0.0,0.0,-0.0,nan,MODEL_NOT_IDENTIFIED
7.18,0.0,0.0,0.0,0.0,-0.0,-0.0,0.0,0.0,-0.0,0.0,-0.0,nan,MODEL_NOT_IDENTIFIED
7.2,0.0,0.0,0.0,0.0,-0.0,-0.0,0.0,0.0,-0.0,0.0,-0.0,nan,MODEL_NOT_IDENTIFIED
7.22,0.0,0.0,0.0,0.0,-0.0,-0.0,0.0,0.0,-0.0,0.0,-0.0,nan,MODEL_NOT_IDENTIFIED
7.24,0.0,0.0,0.0,0.0,-0.0,-0.0,0.0,0.0,-0.0,0.0,-0.0,nan,MODEL_NOT_IDENTIFIED
7.26,0.0,0.0,0.0,0.0,-0.0,-0.0,0.0,0.0,-0.0,0.0,-0.0,nan,MODEL_NOT_IDENTIFIED
7.28,0.0,0.0,0.0,0.0,-0.0,-0.0,0.0,0.0,-0.0,0.0,-0.0,nan,MODEL_NOT_IDENTIFIED
7.3,0.0,0.0,0.0,0.0,-0.0,-0.0,0.0,0.0,-0.0,0.0,-0.0,nan,MODEL_NOT_IDENTIFIED
7.32,0.0,0.0,0.0,0.0,-0.0,-0.0,0.0,0.0,-0.0,0.0,-0.0,nan,MODEL_NOT_IDENTIFIED
7.34,0.0,0.0,0.0,0.0,-0.0,-0.0,0.0,0.0,-0.0,0.0,-0.0,nan,MODEL_NOT_IDENTIFIED
7.36,0.0,0.0,0.0,0.0,-0.0,-0.0,0.0,0.0,-0.0,0.0,-0.0,nan,MODEL_NOT_IDENTIFIED
7.38,0.0,0.0,0.0,0.0,-0.0,-0.0,0.0,0.0,-0.0,0.0,-0.0,nan,MODEL_NOT_IDENTIFIED
7.4,0.0,0.0,0.0,0.0,-0.0,-0.0,0.0,0.0,-0.0,0.0,-0.0,nan,MODEL_NOT_IDENTIFIED
7.42,0.0,0.0,0.0,0.0,-0.0,-0.0,0.0,0.0,-0.0,0.0,-0.0,nan,MODEL_NOT_IDENTIFIED
7.44,0.0,0.0,0.0,0.0,-0.0,-0.0,0.0,0.0,-0.0,0.0,-0.0,nan,MODEL_NOT_IDENTIFIED
7.46,0.0,0.0,0.0,0.0,-0.0,-0.0,0.0,0.0,-0.0,0.0,-0.0,nan,MODEL_NOT_IDENTIFIED
7.48,0.0,0.0,0.0,0.0,-0.0,-0.0,0.0,0.0,-0.0,0.0,-0.0,nan,MODEL_NOT_IDENTIFIED
7.5,0.0,0.0,0.0,0.0,-0.0,-0.0,0.0,0.0,-0.0,0.0,-0.0,nan,MODEL_NOT_IDENTIFIED
7.5200000000000005,0.0,0.0,0.0,0.0,-0.0,-0.0,0.0,0.0,-0.0,0.0,-0.0,nan,MODEL_NOT_IDENTIFIED
7.54,0.0,0.0,0.0,0.0,-0.0,-0.0,0.0,0.0,-0.0,0.0,-0.0,nan,MODEL_NOT_IDENTIFIED
7.5600000000000005,0.0,0.0,0.0,0.0,-0.0,-0.0,0.0,0.0,-0.0,0.0,-0.0,nan,MODEL_NOT_IDENTIFIED
7.58,0.0,0.0,0.0,0.0,-0.0,-0.0,0.0,0.0,-0.0,0.0,-0.0,nan,MODEL_NOT_IDENTIFIED
7.6000000000000005,0.0,0.0,0.0,0.0,-0.0,-0.0,0.0,0.0,-0.0,0.0,-0.0,nan,MODEL_NOT_IDENTIFIED
7.62,0.0,0.0,0.0,0.0,-0.0,-0.0,0.0,0.0,-0.0,0.0,-0.0,nan,MODEL_NOT_IDENTIFIED
7.640000000000001,0.0,0.0,0.0,0.0,-0.0,-0.0,0.0,0.0,-0.0,0.0,-0.0,nan,MODEL_NOT_IDENTIFIED
7.66,0.0,0.0,0.0,0.0,-0.0,-0.0,0.0,0.0,-0.0,0.0,-0.0,nan,MODEL_NOT_IDENTIFIED
7.68,0.0,0.0,0.0,0.0,-0.0,-0.0,0.0,0.0,-0.0,0.0,-0.0,nan,MODEL_NOT_IDENTIFIED
7.7,0.0,0.0,0.0,0.0,-0.0,-0.0,0.0,0.0,-0.0,0.0,-0.0,nan,MODEL_NOT_IDENTIFIED
7.72,0.0,0.0,0.0,0.0,-0.0,-0.0,0.0,0.0,-0.0,0.0,-0.0,nan,MODEL_NOT_IDENTIFIED
7.74,0.0,0.0,0.0,0.0,-0.0,-0.0,0.0,0.0,-0.0,0.0,-0.0,nan,MODEL_NOT_IDENTIFIED
7.76,0.0,0.0,0.0,0.0,-0.0,-0.0,0.0,0.0,-0.0,0.0,-0.0,nan,MODEL_NOT_IDENTIFIED
7.78,0.0,0.0,0.0,0.0,-0.0,-0.0,0.0,0.0,-0.0,0.0,-0.0,nan,MODEL_NOT_IDENTIFIED
7.8,0.0,0.0,0.0,0.0,-0.0,-0.0,0.0,0.0,-0.0,0.0,-0.0,nan,MODEL_NOT_IDENTIFIED
7.82,0.0,0.0,0.0,0.0,-0.0,-0.0,0.0,0.0,-0.0,0.0,-0.0,nan,MODEL_NOT_IDENTIFIED
7.84,0.0,0.0,0.0,0.0,-0.0,-0.0,0.0,0.0,-0.0,0.0,-0.0,nan,MODEL_NOT_IDENTIFIED
7.86,0.0,0.0,0.0,0.0,-0.0,-0.0,0.0,0.0,-0.0,0.0,-0.0,nan,MODEL_NOT_IDENTIFIED
7.88,0.0,0.0,0.0,0.0,-0.0,-0.0,0.0,0.0,-0.0,0.0,-0.0,nan,MODEL_NOT_IDENTIFIED
7.9,0.0,0.0,0.0,0.0,-0.0,-0.0,0.0,0.0,-0.0,0.0,-0.0,nan,MODEL_NOT_IDENTIFIED
7.92,0.0,0.0,0.0,0.0,-0.0,-0.0,0.0,0.0,-0.0,0.0,-0.0,nan,MODEL_NOT_IDENTIFIED
7.94,0.0,0.0,0.0,0.0,-0.0,-0.0,0.0,0.0,-0.0,0.0,-0.0,nan,MODEL_NOT_IDENTIFIED
7.96,0.0,0.0,0.0,0.0,-0.0,-0.0,0.0,0.0,-0.0,0.0,-0.0,nan,MODEL_NOT_IDENTIFIED
7.98,0.0,0.0,0.0,0.0,-0.0,-0.0,0.0,0.0,-0.0,0.0,-0.0,nan,MODEL_NOT_IDENTIFIED
8.0,0.0,0.0,0.0,0.0,-0.0,-0.0,0.0,0.0,-0.0,0.0,-0.0,nan,MODEL_NOT_IDENTIFIED
8.02,0.0,0.0,0.0,0.0,-0.0,-0.0,0.0,0.0,-0.0,0.0,-0.0,nan,MODEL_NOT_IDENTIFIED
8.040000000000001,0.0,0.0,0.0,0.0,-0.0,-0.0,0.0,0.0,-0.0,0.0,-0.0,nan,MODEL_NOT_IDENTIFIED
8.06,0.0,0.0,0.0,0.0,-0.0,-0.0,0.0,0.0,-0.0,0.0,-0.0,nan,MODEL_NOT_IDENTIFIED
8.08,0.0,0.0,0.0,0.0,-0.0,-0.0,0.0,0.0,-0.0,0.0,-0.0,nan,MODEL_NOT_IDENTIFIED
8.1,0.0,0.0,0.0,0.0,-0.0,-0.0,0.0,0.0,-0.0,0.0,-0.0,nan,MODEL_NOT_IDENTIFIED
8.120000000000001,0.0,0.0,0.0,0.0,-0.0,-0.0,0.0,0.0,-0.0,0.0,-0.0,nan,MODEL_NOT_IDENTIFIED
8.14,0.0,0.0,0.0,0.0,-0.0,-0.0,0.0,0.0,-0.0,0.0,-0.0,nan,MODEL_NOT_IDENTIFIED
8.16,0.0,0.0,0.0,0.0,-0.0,-0.0,0.0,0.0,-0.0,0.0,-0.0,nan,MODEL_NOT_IDENTIFIED
8.18,0.0,0.0,0.0,0.0,-0.0,-0.0,0.0,0.0,-0.0,0.0,-0.0,nan,MODEL_NOT_IDENTIFIED
8.2,0.0,0.0,0.0,0.0,-0.0,-0.0,0.0,0.0,-0.0,0.0,-0.0,nan,MODEL_NOT_IDENTIFIED
8.22,0.0,0.0,0.0,0.0,-0.0,-0.0,0.0,0.0,-0.0,0.0,-0.0,nan,MODEL_NOT_IDENTIFIED
8.24,0.0,0.0,0.0,0.0,-0.0,-0.0,0.0,0.0,-0.0,0.0,-0.0,nan,MODEL_NOT_IDENTIFIED
8.26,0.0,0.0,0.0,0.0,-0.0,-0.0,0.0,0.0,-0.0,0.0,-0.0,nan,MODEL_NOT_IDENTIFIED
8.28,0.0,0.0,0.0,0.0,-0.0,-0.0,0.0,0.0,-0.0,0.0,-0.0,nan,MODEL_NOT_IDENTIFIED
8.3,0.0,0.0,0.0,0.0,-0.0,-0.0,0.0,0.0,-0.0,0.0,-0.0,nan,MODEL_NOT_IDENTIFIED
8.32,0.0,0.0,0.0,0.0,-0.0,-0.0,0.0,0.0,-0.0,0.0,-0.0,nan,MODEL_NOT_IDENTIFIED
8.34,0.0,0.0,0.0,0.0,-0.0,-0.0,0.0,0.0,-0.0,0.0,-0.0,nan,MODEL_NOT_IDENTIFIED
8.36,0.0,0.0,0.0,0.0,-0.0,-0.0,0.0,0.0,-0.0,0.0,-0.0,nan,MODEL_NOT_IDENTIFIED
8.38,0.0,0.0,0.0,0.0,-0.0,-0.0,0.0,0.0,-0.0,0.0,-0.0,nan,MODEL_NOT_IDENTIFIED
8.4,0.0,0.0,0.0,0.0,-0.0,-0.0,0.0,0.0,-0.0,0.0,-0.0,nan,MODEL_NOT_IDENTIFIED
8.42,0.0,0.0,0.0,0.0,-0.0,-0.0,0.0,0.0,-0.0,0.0,-0.0,nan,MODEL_NOT_IDENTIFIED
8.44,0.0,0.0,0.0,0.0,-0.0,-0.0,0.0,0.0,-0.0,0.0,-0.0,nan,MODEL_NOT_IDENTIFIED
8.46,0.0,0.0,0.0,0.0,-0.0,-0.0,0.0,0.0,-0.0,0.0,-0.0,nan,MODEL_NOT_IDENTIFIED
8.48,0.0,0.0,0.0,0.0,-0.0,-0.0,0.0,0.0,-0.0,0.0,-0.0,nan,MODEL_NOT_IDENTIFIED
8.5,0.0,0.0,0.0,0.0,-0.0,-0.0,0.0,0.0,-0.0,0.0,-0.0,nan,MODEL_NOT_IDENTIFIED
8.52,0.0,0.0,0.0,0.0,-0.0,-0.0,0.0,0.0,-0.0,0.0,-0.0,nan,MODEL_NOT_IDENTIFIED
8.540000000000001,0.0,0.0,0.0,0.0,-0.0,-0.0,0.0,0.0,-0.0,0.0,-0.0,nan,MODEL_NOT_IDENTIFIED
8.56,0.0,0.0,0.0,0.0,-0.0,-0.0,0.0,0.0,-0.0,0.0,-0.0,nan,MODEL_NOT_IDENTIFIED
8.58,0.0,0.0,0.0,0.0,-0.0,-0.0,0.0,0.0,-0.0,0.0,-0.0,nan,MODEL_NOT_IDENTIFIED
8.6,0.0,0.0,0.0,0.0,-0.0,-0.0,0.0,0.0,-0.0,0.0,-0.0,nan,MODEL_NOT_IDENTIFIED
8.620000000000001,0.0,0.0,0.0,0.0,-0.0,-0.0,0.0,0.0,-0.0,0.0,-0.0,nan,MODEL_NOT_IDENTIFIED
8.64,0.0,0.0,0.0,0.0,-0.0,-0.0,0.0,0.0,-0.0,0.0,-0.0,nan,MODEL_NOT_IDENTIFIED
8.66,0.0,0.0,0.0,0.0,-0.0,-0.0,0.0,0.0,-0.0,0.0,-0.0,nan,MODEL_NOT_IDENTIFIED
8.68,0.0,0.0,0.0,0.0,-0.0,-0.0,0.0,0.0,-0.0,0.0,-0.0,nan,MODEL_NOT_IDENTIFIED
8.700000000000001,0.0,0.0,0.0,0.0,-0.0,-0.0,0.0,0.0,-0.0,0.0,-0.0,nan,MODEL_NOT_IDENTIFIED
8.72,0.0,0.0,0.0,0.0,-0.0,-0.0,0.0,0.0,-0.0,0.0,-0.0,nan,MODEL_NOT_IDENTIFIED
8.74,0.0,0.0,0.0,0.0,-0.0,-0.0,0.0,0.0,-0.0,0.0,-0.0,nan,MODEL_NOT_IDENTIFIED
8.76,0.0,0.0,0.0,0.0,-0.0,-0.0,0.0,0.0,-0.0,0.0,-0.0,nan,MODEL_NOT_IDENTIFIED
8.78,0.0,0.0,0.0,0.0,-0.0,-0.0,0.0,0.0,-0.0,0.0,-0.0,nan,MODEL_NOT_IDENTIFIED
8.8,0.0,0.0,0.0,0.0,-0.0,-0.0,0.0,0.0,-0.0,0.0,-0.0,nan,MODEL_NOT_IDENTIFIED
8.82,0.0,0.0,0.0,0.0,-0.0,-0.0,0.0,0.0,-0.0,0.0,-0.0,nan,MODEL_NOT_IDENTIFIED
8.84,0.0,0.0,0.0,0.0,-0.0,-0.0,0.0,0.0,-0.0,0.0,-0.0,nan,MODEL_NOT_IDENTIFIED
8.86,0.0,0.0,0.0,0.0,-0.0,-0.0,0.0,0.0,-0.0,0.0,-0.0,nan,MODEL_NOT_IDENTIFIED
8.88,0.0,0.0,0.0,0.0,-0.0,-0.0,0.0,0.0,-0.0,0.0,-0.0,nan,MODEL_NOT_IDENTIFIED
8.9,0.0,0.0,0.0,0.0,-0.0,-0.0,0.0,0.0,-0.0,0.0,-0.0,nan,MODEL_NOT_IDENTIFIED
8.92,0.0,0.0,0.0,0.0,-0.0,-0.0,0.0,0.0,-0.0,0.0,-0.0,nan,MODEL_NOT_IDENTIFIED
8.94,0.0,0.0,0.0,0.0,-0.0,-0.0,0.0,0.0,-0.0,0.0,-0.0,nan,MODEL_NOT_IDENTIFIED
8.96,0.0,0.0,0.0,0.0,-0.0,-0.0,0.0,0.0,-0.0,0.0,-0.0,nan,MODEL_NOT_IDENTIFIED
8.98,0.0,0.0,0.0,0.0,-0.0,-0.0,0.0,0.0,-0.0,0.0,-0.0,nan,MODEL_NOT_IDENTIFIED
9.0,0.0,0.0,0.0,0.0,-0.0,-0.0,0.0,0.0,-0.0,0.0,-0.0,nan,MODEL_NOT_IDENTIFIED
9.02,0.0,0.0,0.0,0.0,-0.0,-0.0,0.0,0.0,-0.0,0.0,-0.0,nan,MODEL_NOT_IDENTIFIED
9.040000000000001,0.0,0.0,0.0,0.0,-0.0,-0.0,0.0,0.0,-0.0,0.0,-0.0,nan,MODEL_NOT_IDENTIFIED
9.06,0.0,0.0,0.0,0.0,-0.0,-0.0,0.0,0.0,-0.0,0.0,-0.0,nan,MODEL_NOT_IDENTIFIED
9.08,0.0,0.0,0.0,0.0,-0.0,-0.0,0.0,0.0,-0.0,0.0,-0.0,nan,MODEL_NOT_IDENTIFIED
9.1,0.0,0.0,0.0,0.0,-0.0,-0.0,0.0,0.0,-0.0,0.0,-0.0,nan,MODEL_NOT_IDENTIFIED
9.120000000000001,0.0,0.0,0.0,0.0,-0.0,-0.0,0.0,0.0,-0.0,0.0,-0.0,nan,MODEL_NOT_IDENTIFIED
9.14,0.0,0.0,0.0,0.0,-0.0,-0.0,0.0,0.0,-0.0,0.0,-0.0,nan,MODEL_NOT_IDENTIFIED
9.16,0.0,0.0,0.0,0.0,-0.0,-0.0,0.0,0.0,-0.0,0.0,-0.0,nan,MODEL_NOT_IDENTIFIED
9.18,0.0,0.0,0.0,0.0,-0.0,-0.0,0.0,0.0,-0.0,0.0,-0.0,nan,MODEL_NOT_IDENTIFIED
9.200000000000001,0.0,0.0,0.0,0.0,-0.0,-0.0,0.0,0.0,-0.0,0.0,-0.0,nan,MODEL_NOT_IDENTIFIED
9.22,0.0,0.0,0.0,0.0,-0.0,-0.0,0.0,0.0,-0.0,0.0,-0.0,nan,MODEL_NOT_IDENTIFIED
9.24,0.0,0.0,0.0,0.0,-0.0,-0.0,0.0,0.0,-0.0,0.0,-0.0,nan,MODEL_NOT_IDENTIFIED
9.26,0.0,0.0,0.0,0.0,-0.0,-0.0,0.0,0.0,-0.0,0.0,-0.0,nan,MODEL_NOT_IDENTIFIED
9.28,0.0,0.0,0.0,0.0,-0.0,-0.0,0.0,0.0,-0.0,0.0,-0.0,nan,MODEL_NOT_IDENTIFIED
9.3,0.0,0.0,0.0,0.0,-0.0,-0.0,0.0,0.0,-0.0,0.0,-0.0,nan,MODEL_NOT_IDENTIFIED
9.32,0.0,0.0,0.0,0.0,-0.0,-0.0,0.0,0.0,-0.0,0.0,-0.0,nan,MODEL_NOT_IDENTIFIED
9.34,0.0,0.0,0.0,0.0,-0.0,-0.0,0.0,0.0,-0.0,0.0,-0.0,nan,MODEL_NOT_IDENTIFIED
9.36,0.0,0.0,0.0,0.0,-0.0,-0.0,0.0,0.0,-0.0,0.0,-0.0,nan,MODEL_NOT_IDENTIFIED
9.38,0.0,0.0,0.0,0.0,-0.0,-0.0,0.0,0.0,-0.0,0.0,-0.0,nan,MODEL_NOT_IDENTIFIED
9.4,0.0,0.0,0.0,0.0,-0.0,-0.0,0.0,0.0,-0.0,0.0,-0.0,nan,MODEL_NOT_IDENTIFIED
9.42,0.0,0.0,0.0,0.0,-0.0,-0.0,0.0,0.0,-0.0,0.0,-0.0,nan,MODEL_NOT_IDENTIFIED
9.44,0.0,0.0,0.0,0.0,-0.0,-0.0,0.0,0.0,-0.0,0.0,-0.0,nan,MODEL_NOT_IDENTIFIED
9.46,0.0,0.0,0.0,0.0,-0.0,-0.0,0.0,0.0,-0.0,0.0,-0.0,nan,MODEL_NOT_IDENTIFIED
9.48,0.0,0.0,0.0,0.0,-0.0,-0.0,0.0,0.0,-0.0,0.0,-0.0,nan,MODEL_NOT_IDENTIFIED
9.5,0.0,0.0,0.0,0.0,-0.0,-0.0,0.0,0.0,-0.0,0.0,-0.0,nan,MODEL_NOT_IDENTIFIED
9.52,0.0,0.0,0.0,0.0,-0.0,-0.0,0.0,0.0,-0.0,0.0,-0.0,nan,MODEL_NOT_IDENTIFIED
9.540000000000001,0.0,0.0,0.0,0.0,-0.0,-0.0,0.0,0.0,-0.0,0.0,-0.0,nan,MODEL_NOT_IDENTIFIED
9.56,0.0,0.0,0.0,0.0,-0.0,-0.0,0.0,0.0,-0.0,0.0,-0.0,nan,MODEL_NOT_IDENTIFIED
9.58,0.0,0.0,0.0,0.0,-0.0,-0.0,0.0,0.0,-0.0,0.0,-0.0,nan,MODEL_NOT_IDENTIFIED
9.6,0.0,0.0,0.0,0.0,-0.0,-0.0,0.0,0.0,-0.0,0.0,-0.0,nan,MODEL_NOT_IDENTIFIED
9.620000000000001,0.0,0.0,0.0,0.0,-0.0,-0.0,0.0,0.0,-0.0,0.0,-0.0,nan,MODEL_NOT_IDENTIFIED
9.64,0.0,0.0,0.0,0.0,-0.0,-0.0,0.0,0.0,-0.0,0.0,-0.0,nan,MODEL_NOT_IDENTIFIED
9.66,0.0,0.0,0.0,0.0,-0.0,-0.0,0.0,0.0,-0.0,0.0,-0.0,nan,MODEL_NOT_IDENTIFIED
9.68,0.0,0.0,0.0,0.0,-0.0,-0.0,0.0,0.0,-0.0,0.0,-0.0,nan,MODEL_NOT_IDENTIFIED
9.700000000000001,0.0,0.0,0.0,0.0,-0.0,-0.0,0.0,0.0,-0.0,0.0,-0.0,nan,MODEL_NOT_IDENTIFIED
9.72,0.0,0.0,0.0,0.0,-0.0,-0.0,0.0,0.0,-0.0,0.0,-0.0,nan,MODEL_NOT_IDENTIFIED
9.74,0.0,0.0,0.0,0.0,-0.0,-0.0,0.0,0.0,-0.0,0.0,-0.0,nan,MODEL_NOT_IDENTIFIED
9.76,0.0,0.0,0.0,0.0,-0.0,-0.0,0.0,0.0,-0.0,0.0,-0.0,nan,MODEL_NOT_IDENTIFIED
9.78,0.0,0.0,0.0,0.0,-0.0,-0.0,0.0,0.0,-0.0,0.0,-0.0,nan,MODEL_NOT_IDENTIFIED
9.8,0.0,0.0,0.0,0.0,-0.0,-0.0,0.0,0.0,-0.0,0.0,-0.0,nan,MODEL_NOT_IDENTIFIED
9.82,0.0,0.0,0.0,0.0,-0.0,-0.0,0.0,0.0,-0.0,0.0,-0.0,nan,MODEL_NOT_IDENTIFIED
9.84,0.0,0.0,0.0,0.0,-0.0,-0.0,0.0,0.0,-0.0,0.0,-0.0,nan,MODEL_NOT_IDENTIFIED
9.86,0.0,0.0,0.0,0.0,-0.0,-0.0,0.0,0.0,-0.0,0.0,-0.0,nan,MODEL_NOT_IDENTIFIED
9.88,0.0,0.0,0.0,0.0,-0.0,-0.0,0.0,0.0,-0.0,0.0,-0.0,nan,MODEL_NOT_IDENTIFIED
9.9,0.0,0.0,0.0,0.0,-0.0,-0.0,0.0,0.0,-0.0,0.0,-0.0,nan,MODEL_NOT_IDENTIFIED
9.92,0.0,0.0,0.0,0.0,-0.0,-0.0,0.0,0.0,-0.0,0.0,-0.0,nan,MODEL_NOT_IDENTIFIED
9.94,0.0,0.0,0.0,0.0,-0.0,-0.0,0.0,0.0,-0.0,0.0,-0.0,nan,MODEL_NOT_IDENTIFIED
9.96,0.0,0.0,0.0,0.0,-0.0,-0.0,0.0,0.0,-0.0,0.0,-0.0,nan,MODEL_NOT_IDENTIFIED
9.98,0.0,0.0,0.0,0.0,-0.0,-0.0,0.0,0.0,-0.0,0.0,-0.0,nan,MODEL_NOT_IDENTIFIED
10.0,0.0,0.0,0.0,0.0,-0.0,-0.0,0.0,0.0,-0.0,0.0,-0.0,nan,MODEL_NOT_IDENTIFIED
